{
  "method": "AHP",
  "is_trained": true,
  "r2_score": -4.505582,
  "mae": 0.117279,
  "n_samples": 15,
  "n_features": 3,
  "feature_names": [
    "harga_tanah",
    "fasilitas",
    "keamanan"
  ],
  "trained_at": "2026-05-05T21:12:40.240345",
  "known_scores": [
    0.7859,
    0.649,
    0.6153,
    0.3847,
    0.3669,
    0.351,
    0.3462,
    0.3462,
    0.3462,
    0.3462,
    0.3243,
    0.3088,
    0.3076,
    0.3076,
    0.2142
  ]
}